0;0,2682
1;0,2677
2;0,2679
3;0,2674
4;0,2668
5;0,2643
6;0,248
7;0,2066
8;0,1781
9;0,1713
10;0,1748
11;0,1762
12;0,172
13;0,1651
14;0,1573
15;0,1488
16;0,1418
17;0,1355
18;0,1301
19;0,1253
20;0,1215
21;0,1181
22;0,1155
23;0,1128
24;0,1107
25;0,1091
26;0,1071
27;0,1051
28;0,104
29;0,1028
30;0,102
31;0,1014
32;0,1003
33;0,099
34;0,0988
35;0,0978
36;0,0973
37;0,0972
38;0,097
39;0,0965
40;0,0963
41;0,096
42;0,0958
43;0,0955
44;0,095
45;0,0944
46;0,0943
47;0,094
48;0,0934
49;0,0932
50;0,0931
51;0,093
52;0,093
53;0,0931
54;0,0935
55;0,0934
56;0,093
57;0,0927
58;0,0926
59;0,0921
60;0,0921
61;0,0922
62;0,092
63;0,0917
64;0,0917
65;0,0914
66;0,0915
67;0,0923
68;0,098
69;0,1208
70;0,1769
71;0,2647
72;0,3454
73;0,3688
74;0,3269
75;0,254
76;0,1858
77;0,1393
78;0,1129
79;0,099
80;0,0925
81;0,0911
82;0,1022
83;0,1444
84;0,253
85;0,4515
86;0,704
87;0,9127
88;0,9785
89;0,8804
90;0,6816
91;0,4712
92;0,3041
93;0,1945
94;0,1308
95;0,0969
96;0,0794
97;0,0705
98;0,0663
99;0,0637
100;0,0626
101;0,0615
102;0,0613
103;0,0606
104;0,0602
105;0,06
106;0,0599
107;0,0598
108;0,0596
109;0,0596
110;0,0595
111;0,0597
112;0,0596
113;0,0593
114;0,0594
115;0,0592
116;0,0596
117;0,0593
118;0,0594
119;0,0595
120;0,0593
121;0,0596
122;0,0599
123;0,0596
124;0,0598
125;0,0598
126;0,0593
127;0,0591
128;0,0589
129;0,0588
130;0,0585
131;0,0589
132;0,0589
133;0,0587
134;0,0583
135;0,0581
136;0,0581
137;0,0581
138;0,0578
139;0,0576
140;0,0577
141;0,0575
142;0,0574
143;0,057
144;0,0572
145;0,0575
146;0,0577
147;0,0576
148;0,0578
149;0,0583
150;0,0592
151;0,0593
152;0,0597
153;0,0606
154;0,0599
155;0,0598
156;0,0593
157;0,0581
158;0,0575
159;0,0565
160;0,0561
161;0,0555
162;0,0551
163;0,0553
164;0,0548
165;0,0547
166;0,0546
167;0,0542
168;0,054
169;0,0539
170;0,0536
171;0,0534
172;0,0536
173;0,0534
174;0,0538
175;0,0534
176;0,0532
177;0,0537
178;0,0531
179;0,0526
180;0,0529
181;0,0533
182;0,0531
183;0,0529
184;0,0529
185;0,053
186;0,0529
187;0,0533
188;0,0532
189;0,053
190;0,0528
191;0,0525
192;0,0526
193;0,0524
194;0,0524
195;0,0524
196;0,0524
197;0,0521
198;0,0516
199;0,0515
200;0,0515
201;0,0513
202;0,0517
203;0,0512
204;0,0512
205;0,0509
206;0,0508
207;0,0503
208;0,0504
209;0,0503
210;0,0502
211;0,0501
212;0,0503
213;0,0498
214;0,05
215;0,0496
216;0,0493
217;0,049
218;0,0487
219;0,0492
220;0,0488
221;0,0487
222;0,0486
223;0,0484
224;0,0483
225;0,0483
226;0,0484
227;0,0482
228;0,0484
229;0,0479
230;0,048
231;0,0482
232;0,0478
233;0,0474
234;0,0477
235;0,0475
236;0,0472
237;0,0471
238;0,0474
239;0,0469
240;0,0473
241;0,0468
242;0,0469
243;0,0469
244;0,0462
245;0,0463
246;0,0468
247;0,0466
248;0,046
249;0,0463
250;0,0462
251;0,0463
252;0,0463
253;0,0463
254;0,0468
255;0,0465
256;0,0462
257;0,0462
258;0,046
259;0,046
260;0,0461
261;0,0462
262;0,0459
263;0,0461
264;0,0461
265;0,0462
266;0,0454
267;0,0459
268;0,0453
269;0,0459
270;0,0455
271;0,0459
272;0,0458
273;0,0452
274;0,0455
275;0,0452
276;0,0449
277;0,0448
278;0,0454
279;0,0448
280;0,0446
281;0,0449
282;0,0444
283;0,0445
284;0,0441
285;0,0438
286;0,0441
287;0,044
288;0,0436
289;0,0435
290;0,0433
291;0,043
292;0,0424
293;0,0426
294;0,0424
295;0,0423
296;0,0423
297;0,042
298;0,0416
299;0,0417
300;0,0413
301;0,0411
302;0,0411
303;0,0407
304;0,0405
305;0,0406
306;0,04
307;0,0401
308;0,0396
309;0,0395
310;0,0391
311;0,0392
312;0,0387
313;0,0385
314;0,0387
315;0,0381
316;0,0379
317;0,0375
318;0,037
319;0,0366
320;0,037
321;0,0366
322;0,0365
323;0,036
324;0,0357
325;0,0353
326;0,0352
327;0,0345
328;0,034
329;0,034
330;0,0335
331;0,0334
332;0,0325
333;0,0318
334;0,0313
335;0,0315
336;0,0308
337;0,0306
338;0,0304
339;0,0298
340;0,0292
341;0,0286
342;0,0281
343;0,028
344;0,0272
345;0,0266
346;0,0268
347;0,0262
348;0,0258
349;0,0252
350;0,0246
351;0,0237
352;0,0237
353;0,0233
354;0,0229
355;0,0221
356;0,0216
357;0,0211
358;0,0212
359;0,0198
360;0,0198
361;0,0192
362;0,0191
363;0,0186
364;0,0182
365;0,0175
366;0,017
367;0,0168
368;0,0163
369;0,0158
370;0,0156
371;0,0147
372;0,0147
373;0,0142
374;0,0139
375;0,0132
376;0,0132
377;0,0126
378;0,0124
379;0,0119
380;0,0115
381;0,0112
382;0,0106
383;0,0103
384;0,0102
385;0,0096999999999996
386;0,0095000000000001
387;0,0095000000000001
388;0,0091999999999999
389;0,0088999999999997
390;0,0084999999999997
391;0,0084
392;0,0076999999999998
393;0,0076999999999998
394;0,0068999999999999
395;0,0068000000000001
396;0,0062999999999995
397;0,0054999999999996
398;0,0053000000000001
399;0,0049000000000001
400;0,0049000000000001
401;0,0041000000000002
402;0,0031999999999996
403;0,0034000000000001
404;0,0026000000000002
405;0,0023
406;0,0018000000000002
407;0,0015999999999998
408;0,0016999999999996
409;0,0018000000000002
410;0,0014000000000003
411;0,0011999999999999
412;0,00079999999999991
413;0,0011999999999999
414;0,0010000000000003
415;0,00089999999999968
416;0,00079999999999991
417;0,00089999999999968
418;0,00070000000000014
419;0,00060000000000038
420;0,00089999999999968
421;0,00060000000000038
422;0,00070000000000014
423;0,00039999999999996
424;0,00030000000000019
425;9,9999999999767E-5
426;0,00019999999999953
427;0
428;0
429;0
430;0,00049999999999972
431;0,00039999999999996
432;0,00039999999999996
433;0,00039999999999996
434;0,00039999999999996
435;0,00089999999999968
436;0,00070000000000014
437;0,00070000000000014
438;0,00089999999999968
439;0,0011000000000001
440;0,0015999999999998
441;0,0011000000000001
442;0,0012999999999996
443;0,0018000000000002
444;0,0015999999999998
445;0,0019999999999998
446;0,0020999999999995
447;0,0020999999999995
448;0,0029000000000003
449;0,0030000000000001
450;0,0033000000000003
451;0,0034999999999998
452;0,0034000000000001
453;0,0043999999999995
454;0,0043999999999995
455;0,0046999999999997
456;0,0053999999999998
457;0,0058999999999996
458;0,0058999999999996
459;0,0062999999999995
460;0,0065
461;0,0068999999999999
462;0,0073999999999996
463;0,0071000000000003
464;0,008
465;0,0084
466;0,0084999999999997
467;0,0091000000000001
468;0,0095999999999998
469;0,0098000000000003
470;0,0106
471;0,0102
472;0,0107
473;0,0112
474;0,0116
475;0,012
476;0,0127
477;0,0131
478;0,0131
479;0,0137
480;0,0141
481;0,0147
482;0,015
483;0,0156
484;0,0156
485;0,0161
486;0,0165
487;0,0171
488;0,0172
489;0,0176
490;0,0185
491;0,0186
492;0,0198
493;0,0201
494;0,0201
495;0,0212
496;0,0214
497;0,0217
498;0,0221
499;0,0228
500;0,0231
501;0,0237
502;0,0241
503;0,0246
504;0,0247
505;0,0248
506;0,0253
507;0,0252
508;0,0261
509;0,0262
510;0,0261
511;0,0268
512;0,027
513;0,028
514;0,028
515;0,0282
516;0,0286
517;0,0291
518;0,0297
519;0,0302
520;0,031
521;0,0313
522;0,0314
523;0,0321
524;0,0325
525;0,0323
526;0,0327
527;0,0328
528;0,0332
529;0,0338
530;0,0341
531;0,0347
532;0,0346
533;0,0351
534;0,0359
535;0,0356
536;0,0356
537;0,036
538;0,0363
539;0,0368
540;0,0368
541;0,037
542;0,0371
543;0,0374
544;0,0372
545;0,038
546;0,0384
547;0,0383
548;0,0381
549;0,0386
550;0,0383
551;0,0388
552;0,0385
553;0,0391
554;0,0388
555;0,0385
556;0,0393
557;0,039
558;0,0391
559;0,0393
560;0,039
561;0,0392
562;0,0391
563;0,0388
564;0,039
565;0,0388
566;0,0389
567;0,0386
568;0,0389
569;0,0385
570;0,0384
571;0,0383
572;0,0387
573;0,0388
574;0,0389
575;0,0388
576;0,0387
577;0,039
578;0,0392
579;0,0395
580;0,039
581;0,039
582;0,039
583;0,0391
584;0,0389
585;0,0391
586;0,0395
587;0,0393
588;0,0391
589;0,0393
590;0,0391
591;0,0389
592;0,0392
593;0,039
594;0,0387
595;0,0393
596;0,0387
597;0,0387
598;0,0386
599;0,0385
600;0,0381
601;0,038
602;0,0381
603;0,038
604;0,0383
605;0,0379
606;0,0381
607;0,0375
608;0,0379
609;0,0377
610;0,0376
611;0,0379
612;0,0377
613;0,0372
614;0,0373
615;0,0373
616;0,0373
617;0,0372
618;0,0372
619;0,0369
620;0,0371
621;0,0368
622;0,0372
623;0,0367
624;0,0372
625;0,0371
626;0,0373
627;0,0373
628;0,0372
629;0,0373
630;0,0375
631;0,037
632;0,0373
633;0,0372
634;0,0375
635;0,0372
636;0,0375
637;0,0373
638;0,0374
639;0,0376
640;0,0372
641;0,0374
642;0,0374
643;0,0378
644;0,0377
645;0,0377
646;0,0383
647;0,0383
648;0,0384
649;0,0383
650;0,038
651;0,0384
652;0,0388
653;0,0392
654;0,0391
655;0,0389
656;0,0387
657;0,039
658;0,0388
659;0,0388
660;0,0389
661;0,039
662;0,039
663;0,0389
664;0,0386
665;0,0384
666;0,0385
667;0,0387
668;0,0385
669;0,0392
670;0,0392
671;0,0387
672;0,0382
673;0,038
674;0,0386
675;0,0389
676;0,039
677;0,0386
678;0,0386
679;0,0389
680;0,0386
681;0,039
682;0,0391
683;0,0392
684;0,039
685;0,0395
686;0,0396
687;0,0395
688;0,0398
689;0,0398
690;0,0402
691;0,0404
692;0,0403
693;0,0405
694;0,041
695;0,041
696;0,0413
697;0,0407
698;0,0415
699;0,0414
700;0,0419
701;0,0423
702;0,0427
703;0,0425
704;0,043
705;0,0427
706;0,0432
707;0,0428
708;0,0431
709;0,0434
710;0,0437
711;0,0438
712;0,044
713;0,044
714;0,0439
715;0,0442
716;0,0444
717;0,0444
718;0,0439
719;0,0443
720;0,0448
721;0,0447
722;0,045
723;0,0449
724;0,0452
725;0,0449
726;0,0449
727;0,0454
728;0,0455
729;0,0456
730;0,0455
731;0,0459
732;0,0459
733;0,046
734;0,0462
735;0,0461
736;0,0462
737;0,047
738;0,0463
739;0,0468
740;0,0473
741;0,047
742;0,0471
743;0,047
744;0,0471
745;0,0472
746;0,0471
747;0,0469
748;0,0469
749;0,0473
750;0,0473
751;0,0473
752;0,0476
753;0,048
754;0,0482
755;0,0481
756;0,0484
757;0,0483
758;0,0485
759;0,0486
760;0,0489
761;0,0492
762;0,0488
763;0,0489
764;0,0492
765;0,0496
766;0,0498
767;0,05
768;0,0499
769;0,05
770;0,0504
771;0,0508
772;0,0507
773;0,0506
774;0,0505
775;0,0508
776;0,0506
777;0,0507
778;0,0507
779;0,0502
780;0,0509
781;0,0509
782;0,0506
783;0,0505
784;0,0506
785;0,0508
786;0,0513
787;0,0513
788;0,0509
789;0,0509
790;0,0508
791;0,0511
792;0,0509
793;0,0506
794;0,0512
795;0,0509
796;0,0516
797;0,0511
798;0,0509
799;0,0509
800;0,0511
801;0,051
802;0,0512
803;0,0512
804;0,051
805;0,0506
806;0,051
807;0,0507
808;0,0504
809;0,0507
810;0,0505
811;0,0507
812;0,051
813;0,051
814;0,0505
815;0,0507
816;0,0506
817;0,0499
818;0,0503
819;0,0502
820;0,05
821;0,0504
822;0,0499
823;0,0497
824;0,0493
825;0,0489
826;0,0491
827;0,0488
828;0,0483
829;0,048
830;0,0479
831;0,0477
832;0,0478
833;0,0475
834;0,0475
835;0,0474
836;0,0473
837;0,0467
838;0,0466
839;0,0462
840;0,046
841;0,046
842;0,0461
843;0,0456
844;0,0454
845;0,0448
846;0,0446
847;0,0447
848;0,0446
849;0,0445
850;0,0441
851;0,044
852;0,0441
853;0,044
854;0,0439
855;0,044
856;0,0443
857;0,0443
858;0,0435
859;0,0437
860;0,0433
861;0,0434
862;0,043
863;0,0434
864;0,0433
865;0,0432
866;0,0428
867;0,0429
868;0,0429
869;0,0424
870;0,0421
871;0,0423
872;0,0426
873;0,0422
874;0,0422
875;0,0423
876;0,0421
877;0,0424
878;0,0418
879;0,0422
880;0,0422
881;0,0424
882;0,0419
883;0,0425
884;0,0425
885;0,0425
886;0,0433
887;0,0431
888;0,0427
889;0,0433
890;0,0434
891;0,0439
892;0,0439
893;0,0439
894;0,044
895;0,0439
896;0,044
897;0,0442
898;0,0442
899;0,0443
900;0,0444
901;0,0446
902;0,0454
903;0,0454
904;0,0452
905;0,0454
906;0,0456
907;0,0459
908;0,0463
909;0,046
910;0,0462
911;0,0463
912;0,0464
913;0,0463
914;0,0469
915;0,0469
916;0,0471
917;0,0476
918;0,0476
919;0,0481
920;0,0486
921;0,0487
922;0,0492
923;0,0495
924;0,0496
925;0,0496
926;0,0496
927;0,0508
928;0,0508
929;0,0509
930;0,0513
931;0,0511
932;0,0516
933;0,0518
934;0,0521
935;0,0518
936;0,0523
937;0,0522
938;0,0524
939;0,0523
940;0,0525
941;0,0525
942;0,0526
943;0,0528
944;0,0522
945;0,0526
946;0,0529
947;0,0531
948;0,0527
949;0,0528
950;0,0527
951;0,0531
952;0,0531
953;0,0534
954;0,0532
955;0,0534
956;0,0531
957;0,0534
958;0,0529
959;0,0526
960;0,0529
961;0,0531
962;0,0529
963;0,0528
964;0,0523
965;0,0526
966;0,0525
967;0,0525
968;0,0523
969;0,0524
970;0,0521
971;0,0522
972;0,0517
973;0,0515
974;0,0514
975;0,0515
976;0,0514
977;0,0511
978;0,051
979;0,0502
980;0,0505
981;0,0502
982;0,0502
983;0,0504
984;0,0503
985;0,0508
986;0,0506
987;0,0503
988;0,0504
989;0,0505
990;0,0506
991;0,0502
992;0,05
993;0,0502
994;0,0496
995;0,0496
996;0,0492
997;0,0492
998;0,0489
999;0,0486
1000;0,0482
1001;0,0481
1002;0,0478
1003;0,0472
1004;0,0477
1005;0,0474
1006;0,0475
1007;0,0474
1008;0,0472
1009;0,0466
1010;0,0462
1011;0,0462
1012;0,0463
1013;0,0457
1014;0,0461
1015;0,0458
1016;0,0458
1017;0,0454
1018;0,0452
1019;0,0455
1020;0,0452
1021;0,0456
1022;0,045
1023;0,0451
1024;0,0452
1025;0,0445
1026;0,0447
1027;0,045
1028;0,0444
1029;0,0444
1030;0,0442
1031;0,0439
1032;0,0441
1033;0,0436
1034;0,0432
1035;0,0433
1036;0,0434
1037;0,0428
1038;0,0432
1039;0,0428
1040;0,0427
1041;0,0428
1042;0,0426
1043;0,0424
1044;0,0423
1045;0,0426
1046;0,0427
1047;0,0421
1048;0,0423
1049;0,0426
1050;0,0423
1051;0,0427
1052;0,0429
1053;0,0431
1054;0,0433
1055;0,0431
1056;0,043
1057;0,0433
1058;0,0435
1059;0,0433
1060;0,0433
1061;0,0436
1062;0,0433
1063;0,0438
1064;0,0441
1065;0,0442
1066;0,0445
1067;0,0449
1068;0,0448
1069;0,0449
1070;0,045
1071;0,0453
1072;0,0454
1073;0,0456
1074;0,0457
1075;0,0458
1076;0,0457
1077;0,0455
1078;0,0464
1079;0,047
1080;0,0466
1081;0,0468
1082;0,0472
1083;0,0473
1084;0,0475
1085;0,0473
1086;0,048
1087;0,048
1088;0,0481
1089;0,0486
1090;0,0483
1091;0,0485
1092;0,0487
1093;0,0489
1094;0,0489
1095;0,0487
1096;0,0488
1097;0,0491
1098;0,0491
1099;0,0492
1100;0,049
1101;0,0495
1102;0,0492
1103;0,0491
1104;0,0492
1105;0,049
1106;0,0493
1107;0,0492
1108;0,0494
1109;0,0493
1110;0,049
1111;0,0493
1112;0,0494
1113;0,0491
1114;0,0492
1115;0,0489
1116;0,049
1117;0,0489
1118;0,0495
1119;0,0495
1120;0,049
1121;0,0493
1122;0,0491
1123;0,049
1124;0,0491
1125;0,0494
1126;0,049
1127;0,0488
1128;0,0488
1129;0,0487
1130;0,0487
1131;0,0484
1132;0,0486
1133;0,0488
1134;0,0484
1135;0,0481
1136;0,0482
1137;0,0479
1138;0,0481
1139;0,0477
1140;0,0482
1141;0,0477
1142;0,0472
1143;0,0475
1144;0,0473
1145;0,0471
1146;0,0471
1147;0,0469
1148;0,0468
1149;0,0468
1150;0,0467
1151;0,0464
1152;0,0463
1153;0,0465
1154;0,0463
1155;0,0461
1156;0,0462
1157;0,0458
1158;0,0458
1159;0,0458
1160;0,0452
1161;0,0455
1162;0,0454
1163;0,0452
1164;0,0451
1165;0,0449
1166;0,0449
1167;0,0451
1168;0,0453
1169;0,0449
1170;0,0447
1171;0,0448
1172;0,0451
1173;0,0452
1174;0,0453
1175;0,0451
1176;0,0453
1177;0,0455
1178;0,0457
1179;0,046
1180;0,0463
1181;0,0464
1182;0,0461
1183;0,0461
1184;0,0468
1185;0,0471
1186;0,0477
1187;0,0482
1188;0,0483
1189;0,0491
1190;0,0492
1191;0,0499
1192;0,0503
1193;0,0503
1194;0,0505
1195;0,0509
1196;0,0513
1197;0,0517
1198;0,0522
1199;0,0524
1200;0,0526
1201;0,0531
1202;0,0536
1203;0,0541
1204;0,0547
1205;0,0547
1206;0,0548
1207;0,0557
1208;0,0562
1209;0,0563
1210;0,0567
1211;0,0572
1212;0,0574
1213;0,0581
1214;0,0584
1215;0,0587
1216;0,059
1217;0,0596
1218;0,0599
1219;0,0602
1220;0,0605
1221;0,0608
1222;0,0612
1223;0,0617
1224;0,0621
1225;0,0621
1226;0,0625
1227;0,0627
1228;0,0632
1229;0,0634
1230;0,0638
1231;0,0642
1232;0,0641
1233;0,0644
1234;0,0644
1235;0,0646
1236;0,0648
1237;0,0648
1238;0,0653
1239;0,065
1240;0,065
1241;0,0656
1242;0,0655
1243;0,0654
1244;0,0651
1245;0,0655
1246;0,0653
1247;0,0652
1248;0,0652
1249;0,0653
1250;0,0653
1251;0,0659
1252;0,0661
1253;0,0659
1254;0,066
1255;0,0661
1256;0,0661
1257;0,0657
1258;0,066
1259;0,0659
1260;0,0658
1261;0,0658
1262;0,0657
1263;0,0654
1264;0,0657
1265;0,0654
1266;0,0658
1267;0,0653
1268;0,0653
1269;0,0652
1270;0,0654
1271;0,0651
1272;0,0652
1273;0,0652
1274;0,0645
1275;0,0644
1276;0,0639
1277;0,0643
1278;0,0644
1279;0,0641
1280;0,0642
1281;0,0639
1282;0,0638
1283;0,0637
1284;0,0633
1285;0,063
1286;0,0628
1287;0,063
1288;0,0627
1289;0,0621
1290;0,0621
1291;0,0621
1292;0,0618
1293;0,0618
1294;0,0616
1295;0,0617
1296;0,0612
1297;0,0614
1298;0,0609
1299;0,0609
1300;0,0605
1301;0,0604
1302;0,0597
1303;0,06
1304;0,0597
1305;0,0598
1306;0,0599
1307;0,0596
1308;0,0592
1309;0,0591
1310;0,0591
1311;0,0585
1312;0,0585
1313;0,0586
1314;0,0586
1315;0,0588
1316;0,0582
1317;0,0586
1318;0,0584
1319;0,0578
1320;0,0585
1321;0,0579
1322;0,058
1323;0,058
1324;0,0576
1325;0,0572
1326;0,0574
1327;0,057
1328;0,0567
1329;0,0562
1330;0,0557
1331;0,056
1332;0,0554
1333;0,0554
1334;0,0549
1335;0,0549
1336;0,0547
1337;0,0544
1338;0,0541
1339;0,0542
1340;0,0541
1341;0,0534
1342;0,0534
1343;0,0528
1344;0,0526
1345;0,0525
1346;0,052
1347;0,0516
1348;0,0515
1349;0,0515
1350;0,0512
1351;0,0509
1352;0,0504
1353;0,0499
1354;0,0496
1355;0,0496
1356;0,0497
1357;0,0491
1358;0,0486
1359;0,0484
1360;0,0481
1361;0,0476
1362;0,0475
1363;0,0478
1364;0,0472
1365;0,0469
1366;0,047
1367;0,0466
1368;0,0464
1369;0,046
1370;0,0454
1371;0,0457
1372;0,0454
1373;0,0452
1374;0,0453
1375;0,0448
1376;0,0449
1377;0,0449
1378;0,0444
1379;0,0445
1380;0,044
1381;0,0437
1382;0,0441
1383;0,0441
1384;0,0447
1385;0,0444
1386;0,044
1387;0,0436
1388;0,0436
1389;0,0433
1390;0,0435
1391;0,0434
1392;0,0435
1393;0,0431
1394;0,0429
1395;0,0427
1396;0,0424
1397;0,0423
1398;0,0423
1399;0,0421
1400;0,0421
1401;0,0421
1402;0,0416
1403;0,0412
1404;0,0411
1405;0,0412
1406;0,041
1407;0,0408
1408;0,0408
1409;0,0409
1410;0,0403
1411;0,0402
1412;0,04
1413;0,0399
1414;0,0397
1415;0,0398
1416;0,0396
1417;0,0395
1418;0,039
1419;0,039
1420;0,0387
1421;0,039
1422;0,0384
1423;0,0386
1424;0,0384
1425;0,0383
1426;0,0384
1427;0,038
1428;0,0382
1429;0,0379
1430;0,038
1431;0,0377
1432;0,0378
1433;0,0381
1434;0,0379
1435;0,0377
1436;0,0378
1437;0,0373
1438;0,0378
1439;0,0375
1440;0,0374
1441;0,038
1442;0,0379
1443;0,0377
1444;0,0381
1445;0,0377
1446;0,0376
1447;0,0377
1448;0,0377
1449;0,0381
1450;0,0383
1451;0,0392
1452;0,0394
1453;0,0397
1454;0,0394
1455;0,0398
1456;0,04
1457;0,0398
1458;0,0406
1459;0,0406
1460;0,0409
1461;0,0413
1462;0,0408
1463;0,0411
1464;0,0415
1465;0,0415
1466;0,0417
1467;0,0416
1468;0,0413
1469;0,0423
1470;0,0423
1471;0,0424
1472;0,0427
1473;0,0426
1474;0,0432
1475;0,0428
1476;0,043
1477;0,0433
1478;0,0433
1479;0,0434
1480;0,0436
1481;0,0439
1482;0,0442
1483;0,0438
1484;0,0442
1485;0,0443
1486;0,0443
1487;0,0447
1488;0,0446
1489;0,0444
1490;0,0445
1491;0,0449
1492;0,0451
1493;0,0451
1494;0,0456
1495;0,0454
1496;0,0457
1497;0,0459
1498;0,0455
1499;0,0458
1500;0,0459
1501;0,0461
1502;0,0462
1503;0,046
1504;0,0463
1505;0,046
1506;0,0459
1507;0,0462
1508;0,0462
1509;0,0459
1510;0,0463
1511;0,0461
1512;0,0462
1513;0,0462
1514;0,0461
1515;0,0464
1516;0,0466
1517;0,0472
1518;0,0472
1519;0,047
1520;0,0469
1521;0,0468
1522;0,0471
1523;0,0469
1524;0,0474
1525;0,0466
1526;0,0472
1527;0,0472
1528;0,047
1529;0,0471
1530;0,0468
1531;0,047
1532;0,047
1533;0,0469
1534;0,0466
1535;0,0473
1536;0,0471
1537;0,0472
1538;0,0471
1539;0,047
1540;0,0472
1541;0,0471
1542;0,0468
1543;0,047
1544;0,0467
1545;0,0468
1546;0,0464
1547;0,0467
1548;0,0464
1549;0,0462
1550;0,0464
1551;0,0461
1552;0,0464
1553;0,046
1554;0,0459
1555;0,0459
1556;0,0454
1557;0,0452
1558;0,0451
1559;0,0446
1560;0,0444
1561;0,0441
1562;0,0436
1563;0,0434
1564;0,0432
1565;0,043
1566;0,0427
1567;0,0425
1568;0,0425
1569;0,0417
1570;0,0415
1571;0,0413
1572;0,0412
1573;0,0411
1574;0,0405
1575;0,0399
1576;0,0403
1577;0,0399
1578;0,0394
1579;0,0391
1580;0,0392
1581;0,0392
1582;0,0386
1583;0,0385
1584;0,0383
1585;0,0384
1586;0,0379
1587;0,0382
1588;0,0377
1589;0,0376
1590;0,0372
1591;0,0374
1592;0,0369
1593;0,0365
1594;0,0368
1595;0,0363
1596;0,0362
1597;0,036
1598;0,0366
1599;0,0365
1600;0,036
1601;0,0363
1602;0,0364
1603;0,0361
1604;0,0364
1605;0,0364
1606;0,0361
1607;0,0363
1608;0,0359
1609;0,0364
1610;0,0367
1611;0,0364
1612;0,0364
1613;0,0362
1614;0,0361
1615;0,0359
1616;0,0359
1617;0,0361
1618;0,0364
1619;0,0363
1620;0,0363
1621;0,0363
1622;0,0362
1623;0,0363
1624;0,0364
1625;0,0362
1626;0,0361
1627;0,0365
1628;0,0358
1629;0,0363
1630;0,0354
1631;0,0358
1632;0,036
1633;0,0361
1634;0,036
1635;0,0359
1636;0,0362
1637;0,036
1638;0,0359
1639;0,0361
1640;0,0363
1641;0,0363
1642;0,0358
1643;0,036
1644;0,036
1645;0,0361
1646;0,0364
1647;0,0366
1648;0,036
1649;0,0363
1650;0,037
1651;0,0368
1652;0,037
1653;0,0365
1654;0,0364
1655;0,0365
1656;0,0366
1657;0,0363
1658;0,0363
1659;0,0363
1660;0,0364
1661;0,0365
1662;0,0361
1663;0,0361
1664;0,0365
1665;0,0373
1666;0,0367
1667;0,0366
1668;0,0367
1669;0,0368
1670;0,0367
1671;0,0368
1672;0,0363
1673;0,0368
1674;0,0366
1675;0,0364
1676;0,0366
1677;0,0365
1678;0,0366
1679;0,0365
1680;0,0364
1681;0,036
1682;0,0364
1683;0,0366
1684;0,0368
1685;0,0363
1686;0,0363
1687;0,0365
1688;0,0369
1689;0,037
1690;0,0365
1691;0,0368
1692;0,0362
1693;0,0365
1694;0,0367
1695;0,0366
1696;0,0368
1697;0,037
1698;0,0374
1699;0,0375
1700;0,0375
1701;0,0374
1702;0,0376
1703;0,0379
1704;0,0373
1705;0,0378
1706;0,0381
1707;0,0377
1708;0,0381
1709;0,0384
1710;0,0383
1711;0,0384
1712;0,0388
1713;0,039
1714;0,039
1715;0,0393
1716;0,0399
1717;0,041
1718;0,0409
1719;0,041
1720;0,0413
1721;0,0415
1722;0,0418
1723;0,0418
1724;0,0423
1725;0,0423
1726;0,0423
1727;0,0432
1728;0,043
1729;0,0428
1730;0,0432
1731;0,0428
1732;0,0438
1733;0,0439
1734;0,0439
1735;0,0441
1736;0,0445
1737;0,0446
1738;0,0451
1739;0,0448
1740;0,0453
1741;0,0457
1742;0,046
1743;0,0459
1744;0,0465
1745;0,047
1746;0,0471
1747;0,0475
1748;0,0477
1749;0,0477
1750;0,048
1751;0,0485
1752;0,0486
1753;0,0488
1754;0,0486
1755;0,049
1756;0,0492
1757;0,0496
1758;0,0489
1759;0,0492
1760;0,0498
1761;0,0499
1762;0,0498
1763;0,05
1764;0,0503
1765;0,0504
1766;0,0507
1767;0,0509
1768;0,0507
1769;0,051
1770;0,0509
1771;0,0509
1772;0,0512
1773;0,0509
1774;0,0513
1775;0,0511
1776;0,0508
1777;0,051
1778;0,0509
1779;0,0512
1780;0,051
1781;0,051
1782;0,0513
1783;0,0521
1784;0,0516
1785;0,0521
1786;0,0523
1787;0,0523
1788;0,0526
1789;0,0522
1790;0,0529
1791;0,053
1792;0,0529
1793;0,0528
1794;0,0533
1795;0,0535
1796;0,0535
1797;0,0536
1798;0,0538
1799;0,0542
1800;0,0542
1801;0,0536
1802;0,0542
1803;0,0543
1804;0,0542
1805;0,0541
1806;0,0541
1807;0,0544
1808;0,0546
1809;0,055
1810;0,0546
1811;0,0549
1812;0,055
1813;0,0554
1814;0,0552
1815;0,0553
1816;0,0555
1817;0,0554
1818;0,0554
1819;0,0553
1820;0,0551
1821;0,0552
1822;0,0551
1823;0,0551
1824;0,055
1825;0,0549
1826;0,055
1827;0,0549
1828;0,0546
1829;0,0548
1830;0,0545
1831;0,0546
1832;0,0542
1833;0,054
1834;0,054
1835;0,0536
1836;0,0534
1837;0,0533
1838;0,0528
1839;0,0527
1840;0,053
1841;0,0526
1842;0,0523
1843;0,0518
1844;0,0518
1845;0,0518
1846;0,0514
1847;0,0509
1848;0,0505
1849;0,0506
1850;0,0515
1851;0,0512
1852;0,0512
1853;0,0507
1854;0,0508
1855;0,0504
1856;0,0504
1857;0,0504
1858;0,0498
1859;0,0504
1860;0,0502
1861;0,05
1862;0,0501
1863;0,0503
1864;0,0501
1865;0,0499
1866;0,0495
1867;0,0496
1868;0,0497
1869;0,0497
1870;0,05
1871;0,0497
1872;0,0497
1873;0,0496
1874;0,0493
1875;0,0496
1876;0,0497
1877;0,0495
1878;0,0493
1879;0,0494
1880;0,0497
1881;0,0502
1882;0,0503
1883;0,0504
1884;0,0504
1885;0,0504
1886;0,0505
1887;0,0507
1888;0,0502
1889;0,0507
1890;0,0511
1891;0,0512
1892;0,0511
1893;0,0515
1894;0,0513
1895;0,0515
1896;0,0514
1897;0,0517
1898;0,0518
1899;0,0519
1900;0,0519
1901;0,0522
1902;0,0526
1903;0,0524
1904;0,0522
1905;0,0528
1906;0,0527
1907;0,0526
1908;0,0526
1909;0,0532
1910;0,0527
1911;0,0529
1912;0,0528
1913;0,053
1914;0,0531
1915;0,0527
1916;0,0537
1917;0,0531
1918;0,0536
1919;0,0536
1920;0,0537
1921;0,0535
1922;0,0536
1923;0,0543
1924;0,0536
1925;0,0541
1926;0,0542
1927;0,0539
1928;0,0535
1929;0,0536
1930;0,0535
1931;0,0535
1932;0,0534
1933;0,0534
1934;0,0534
1935;0,0535
1936;0,053
1937;0,0532
1938;0,0532
1939;0,0527
1940;0,053
1941;0,0524
1942;0,0526
1943;0,0524
1944;0,0517
1945;0,0514
1946;0,0515
1947;0,051
1948;0,0508
1949;0,0505
1950;0,0506
1951;0,0501
1952;0,0501
1953;0,0498
1954;0,0493
1955;0,0489
1956;0,0488
1957;0,0482
1958;0,0481
1959;0,0474
1960;0,0476
1961;0,0467
1962;0,0464
1963;0,0462
1964;0,0454
1965;0,0453
1966;0,0448
1967;0,044
1968;0,0436
1969;0,0435
1970;0,0433
1971;0,0427
1972;0,0426
1973;0,0419
1974;0,0415
1975;0,0415
1976;0,0411
1977;0,0407
1978;0,0409
1979;0,0404
1980;0,04
1981;0,0397
1982;0,0398
1983;0,04
1984;0,0396
1985;0,0394
1986;0,0394
1987;0,0393
1988;0,039
1989;0,0388
1990;0,0385
1991;0,0382
1992;0,0379
1993;0,0379
1994;0,0379
1995;0,0376
1996;0,0376
1997;0,0376
1998;0,0376
1999;0,0373
2000;0,0374
2001;0,037
2002;0,0369
2003;0,0362
2004;0,0363
2005;0,0365
2006;0,0361
2007;0,0359
2008;0,036
2009;0,0357
2010;0,0356
2011;0,0356
2012;0,0353
2013;0,0351
2014;0,0346
2015;0,0343
2016;0,0343
2017;0,034
2018;0,0342
2019;0,034
2020;0,0334
2021;0,0334
2022;0,033
2023;0,033
2024;0,0332
2025;0,0328
2026;0,0325
2027;0,0324
2028;0,0325
2029;0,0323
2030;0,0323
2031;0,0323
2032;0,032
2033;0,0318
2034;0,0319
2035;0,0316
2036;0,0316
2037;0,0314
2038;0,0311
2039;0,0311
2040;0,0313
2041;0,0311
2042;0,0309
2043;0,0307
2044;0,0307
2045;0,0305
2046;0,0305
2047;0,0301
2048;0,0301
2049;0,0302
2050;0,0306
2051;0,0308
2052;0,0304
2053;0,0302
2054;0,0302
2055;0,0303
2056;0,03
2057;0,0301
2058;0,0301
2059;0,0296
2060;0,0294
2061;0,0293
2062;0,029
2063;0,0292
2064;0,029
2065;0,0288
2066;0,0283
2067;0,028
2068;0,0284
2069;0,0283
2070;0,028
2071;0,0281
2072;0,0279
2073;0,028
2074;0,0279
2075;0,0277
2076;0,0274
2077;0,0278
2078;0,0275
2079;0,0274
2080;0,0276
2081;0,0274
2082;0,0274
2083;0,0269
2084;0,027
2085;0,0273
2086;0,0273
2087;0,0271
2088;0,0272
2089;0,0268
2090;0,0273
2091;0,0269
2092;0,0271
2093;0,0269
2094;0,0269
2095;0,0273
2096;0,0271
2097;0,0272
2098;0,027
2099;0,027
2100;0,0274
2101;0,0274
2102;0,027
2103;0,0269
2104;0,0271
2105;0,0272
2106;0,0272
2107;0,0271
2108;0,0269
2109;0,0266
2110;0,0273
2111;0,0269
2112;0,0272
2113;0,0268
2114;0,0271
2115;0,0271
2116;0,0274
2117;0,0276
2118;0,0272
2119;0,0275
2120;0,0275
2121;0,0274
2122;0,0274
2123;0,0275
2124;0,0275
2125;0,0275
2126;0,0273
2127;0,0274
2128;0,0272
2129;0,0279
2130;0,0274
2131;0,0276
2132;0,0273
2133;0,0276
2134;0,0277
2135;0,0279
2136;0,0279
2137;0,028
2138;0,0286
2139;0,0284
2140;0,0289
2141;0,0292
2142;0,0296
2143;0,0294
2144;0,0298
2145;0,0298
2146;0,0302
2147;0,0303
2148;0,0308
2149;0,0309
2150;0,031
2151;0,0311
2152;0,0313
2153;0,0314
2154;0,0317
2155;0,0324
2156;0,0325
2157;0,0327
2158;0,0326
2159;0,0328
2160;0,0328
2161;0,0328
2162;0,033
2163;0,0333
2164;0,0338
2165;0,0338
2166;0,0344
2167;0,0343
2168;0,0341
2169;0,0345
2170;0,0351
2171;0,0357
2172;0,0357
2173;0,0359
2174;0,0364
2175;0,0364
2176;0,0367
2177;0,0371
2178;0,0373
2179;0,0374
2180;0,0377
2181;0,0378
2182;0,0382
2183;0,0387
2184;0,039
2185;0,0391
2186;0,0393
2187;0,0397
2188;0,0402
2189;0,0406
2190;0,0406
2191;0,0405
2192;0,0407
2193;0,0408
2194;0,0411
2195;0,0411
2196;0,0415
2197;0,0411
2198;0,0414
2199;0,0417
2200;0,042
2201;0,042
2202;0,0424
2203;0,0426
2204;0,0418
2205;0,042
2206;0,0424
2207;0,0422
2208;0,0422
2209;0,0427
2210;0,0424
2211;0,0423
2212;0,0428
2213;0,0427
2214;0,0429
2215;0,0428
2216;0,0431
2217;0,0427
2218;0,0428
2219;0,0428
2220;0,0426
2221;0,0422
2222;0,0424
2223;0,0425
2224;0,0421
2225;0,0422
2226;0,0419
2227;0,0417
2228;0,0418
2229;0,0417
2230;0,0417
2231;0,0415
2232;0,0413
2233;0,0411
2234;0,0412
2235;0,0416
2236;0,0414
2237;0,0414
2238;0,0415
2239;0,0415
2240;0,0413
2241;0,0416
2242;0,041
2243;0,0406
2244;0,0406
2245;0,0407
2246;0,0408
2247;0,0407
2248;0,0405
2249;0,0411
2250;0,0412
2251;0,0413
2252;0,041
2253;0,0411
2254;0,041
2255;0,0413
2256;0,0406
2257;0,0413
2258;0,0409
2259;0,0415
2260;0,0416
2261;0,0413
2262;0,0414
2263;0,0418
2264;0,0416
2265;0,0414
2266;0,0414
2267;0,0409
2268;0,0414
2269;0,0413
2270;0,0413
2271;0,0412
2272;0,0408
2273;0,0409
2274;0,0411
2275;0,0409
2276;0,0407
2277;0,0411
2278;0,0411
2279;0,0411
2280;0,0412
2281;0,0418
2282;0,0413
2283;0,0419
2284;0,0419
2285;0,0419
2286;0,0416
2287;0,042
2288;0,0418
2289;0,0414
2290;0,0421
2291;0,0421
2292;0,0424
2293;0,0427
2294;0,0426
2295;0,0428
2296;0,043
2297;0,0431
2298;0,0436
2299;0,0436
2300;0,0439
2301;0,0438
2302;0,044
2303;0,0442
2304;0,0442
2305;0,0444
2306;0,0445
2307;0,0447
2308;0,0448
2309;0,0449
2310;0,0451
2311;0,0451
2312;0,0448
2313;0,0452
2314;0,0458
2315;0,0464
2316;0,0465
2317;0,046
2318;0,0468
2319;0,0468
2320;0,0473
2321;0,0472
2322;0,0476
2323;0,0476
2324;0,0476
2325;0,0477
2326;0,0481
2327;0,0481
2328;0,0485
2329;0,0478
2330;0,0486
2331;0,0486
2332;0,0484
2333;0,0487
2334;0,0486
2335;0,049
2336;0,0485
2337;0,0486
2338;0,0486
2339;0,0486
2340;0,0488
2341;0,0488
2342;0,049
2343;0,0489
2344;0,0489
2345;0,049
2346;0,049
2347;0,0488
2348;0,049
2349;0,0492
2350;0,0489
2351;0,0491
2352;0,0493
2353;0,0491
2354;0,0494
2355;0,0489
2356;0,049
2357;0,0495
2358;0,0491
2359;0,0487
2360;0,0488
2361;0,0491
2362;0,0492
2363;0,049
2364;0,0492
2365;0,0492
2366;0,0495
2367;0,0498
2368;0,0495
2369;0,0495
2370;0,0499
2371;0,0501
2372;0,0498
2373;0,0496
2374;0,0499
2375;0,0497
2376;0,0497
2377;0,0495
2378;0,05
2379;0,0501
2380;0,0498
2381;0,0501
2382;0,0505
2383;0,0511
2384;0,0508
2385;0,0506
2386;0,0505
2387;0,0509
2388;0,0508
2389;0,0506
2390;0,0507
2391;0,0509
2392;0,0506
2393;0,0502
2394;0,0507
2395;0,0505
2396;0,0503
2397;0,0503
2398;0,0505
2399;0,0504
2400;0,0502
2401;0,0504
2402;0,0507
2403;0,0501
2404;0,0503
2405;0,0503
2406;0,0498
2407;0,0498
2408;0,0499
2409;0,0493
2410;0,0495
2411;0,0498
2412;0,0497
2413;0,0494
2414;0,0497
2415;0,0494
2416;0,0494
2417;0,0493
2418;0,0493
2419;0,0492
2420;0,049
2421;0,0489
2422;0,0488
2423;0,049
2424;0,049
2425;0,0489
2426;0,0493
2427;0,0495
2428;0,0497
2429;0,0496
2430;0,0497
2431;0,0495
2432;0,0495
2433;0,0491
2434;0,0494
2435;0,0496
2436;0,0496
2437;0,0494
2438;0,0496
2439;0,0493
2440;0,0497
2441;0,0496
2442;0,0504
2443;0,0502
2444;0,0501
2445;0,0499
2446;0,0499
2447;0,0499
2448;0,0504
2449;0,0507
2450;0,0505
2451;0,0506
2452;0,0505
2453;0,051
2454;0,0507
2455;0,0506
2456;0,0506
2457;0,0508
2458;0,0508
2459;0,0508
2460;0,0503
2461;0,0508
2462;0,0505
2463;0,0506
2464;0,0511
2465;0,0505
2466;0,0504
2467;0,0505
2468;0,0506
2469;0,0504
2470;0,0505
2471;0,0502
2472;0,0504
2473;0,0497
2474;0,0503
2475;0,0503
2476;0,0498
2477;0,0501
2478;0,0498
2479;0,0497
2480;0,0498
2481;0,0495
2482;0,05
2483;0,0502
2484;0,0501
2485;0,0502
2486;0,0502
2487;0,0501
2488;0,05
2489;0,0505
2490;0,0504
2491;0,05
2492;0,0497
2493;0,0505
2494;0,0504
2495;0,0503
2496;0,0505
2497;0,0502
2498;0,0505
2499;0,0504
2500;0,0507
2501;0,0506
2502;0,0506
2503;0,0508
2504;0,0511
2505;0,0506
2506;0,0505
2507;0,0504
2508;0,0509
2509;0,0507
2510;0,0504
2511;0,0503
2512;0,0506
2513;0,0505
2514;0,0503
2515;0,051
2516;0,0511
2517;0,0507
2518;0,0507
2519;0,0507
2520;0,051
2521;0,0509
2522;0,0511
2523;0,0503
2524;0,0501
2525;0,0504
2526;0,0505
2527;0,0505
2528;0,0502
2529;0,0502
2530;0,0503
2531;0,0497
2532;0,0497
2533;0,0499
2534;0,0499
2535;0,0493
2536;0,0492
2537;0,0492
2538;0,0493
2539;0,049
2540;0,0487
2541;0,0486
2542;0,0478
2543;0,0482
2544;0,0479
2545;0,0475
2546;0,0469
2547;0,047
2548;0,0465
2549;0,0465
2550;0,0456
2551;0,0452
2552;0,0449
2553;0,0446
2554;0,0442
2555;0,0438
2556;0,0439
2557;0,0433
2558;0,0431
2559;0,043
2560;0,0426
2561;0,0422
2562;0,0418
2563;0,0419
2564;0,0416
2565;0,0411
2566;0,0411
2567;0,0411
2568;0,0405
2569;0,0402
2570;0,0401
2571;0,0399
2572;0,0394
2573;0,0388
2574;0,0387
2575;0,0385
2576;0,0383
2577;0,0383
2578;0,0382
2579;0,038
2580;0,038
2581;0,0384
2582;0,0378
2583;0,0379
2584;0,0374
2585;0,0373
2586;0,0372
2587;0,0369
2588;0,0365
2589;0,0363
2590;0,0364
2591;0,0363
2592;0,0359
2593;0,0359
2594;0,0361
2595;0,0357
2596;0,0359
2597;0,0356
2598;0,0355
2599;0,0352
2600;0,0348
2601;0,0349
2602;0,0346
2603;0,0347
2604;0,0343
2605;0,0342
2606;0,0343
2607;0,0345
2608;0,0342
2609;0,0343
2610;0,0343
2611;0,0343
2612;0,0343
2613;0,0339
2614;0,0336
2615;0,0341
2616;0,0337
2617;0,0339
2618;0,0335
2619;0,0337
2620;0,0336
2621;0,0335
2622;0,0335
2623;0,0338
2624;0,0337
2625;0,0333
2626;0,033
2627;0,0331
2628;0,0332
2629;0,0334
2630;0,0334
2631;0,0336
2632;0,0334
2633;0,0335
2634;0,033
2635;0,0329
2636;0,0325
2637;0,033
2638;0,0329
2639;0,0327
2640;0,0325
2641;0,0322
2642;0,0323
2643;0,0322
2644;0,0324
2645;0,0317
2646;0,0317
2647;0,0319
2648;0,0325
2649;0,0321
2650;0,0321
2651;0,0318
2652;0,0318
2653;0,0317
2654;0,0315
2655;0,0315
2656;0,0309
2657;0,0315
2658;0,0311
2659;0,0311
2660;0,0309
2661;0,0302
2662;0,0303
2663;0,0303
2664;0,0299
2665;0,03
2666;0,0298
2667;0,0293
2668;0,0297
2669;0,0294
2670;0,0291
2671;0,029
2672;0,0291
2673;0,029
2674;0,0288
2675;0,0286
2676;0,0287
2677;0,0286
2678;0,0281
2679;0,0279
2680;0,0282
2681;0,0279
2682;0,0276
2683;0,028
2684;0,0279
2685;0,0274
2686;0,0276
2687;0,0274
2688;0,0274
2689;0,0274
2690;0,0271
2691;0,0273
2692;0,0272
2693;0,0273
2694;0,0275
2695;0,027
2696;0,0269
2697;0,0267
2698;0,0269
2699;0,0265
2700;0,0267
2701;0,0265
2702;0,0265
2703;0,0269
2704;0,0266
2705;0,0269
2706;0,0268
2707;0,0266
2708;0,0265
2709;0,0266
2710;0,0264
2711;0,0269
2712;0,0267
2713;0,0269
2714;0,0276
2715;0,0274
2716;0,0271
2717;0,0271
2718;0,0273
2719;0,0273
2720;0,0271
2721;0,0271
2722;0,0273
2723;0,0272
2724;0,0271
2725;0,027
2726;0,0272
2727;0,0274
2728;0,0274
2729;0,0275
2730;0,0274
2731;0,0277
2732;0,0278
2733;0,0276
2734;0,0279
2735;0,0279
2736;0,0282
2737;0,0277
2738;0,0282
2739;0,0281
2740;0,0279
2741;0,028
2742;0,0283
2743;0,0282
2744;0,028
2745;0,0283
2746;0,028
2747;0,0286
2748;0,0287
2749;0,0287
2750;0,0284
2751;0,0288
2752;0,0294
2753;0,0293
2754;0,0292
2755;0,0294
2756;0,0297
2757;0,03
2758;0,0303
2759;0,0301
2760;0,0304
2761;0,0305
2762;0,031
2763;0,0308
2764;0,0312
2765;0,0311
2766;0,0313
2767;0,0314
2768;0,0315
2769;0,0317
2770;0,0323
2771;0,0325
2772;0,0327
2773;0,0329
2774;0,0331
2775;0,0325
2776;0,0328
2777;0,0333
2778;0,0335
2779;0,034
2780;0,0337
2781;0,0346
2782;0,035
2783;0,0346
2784;0,035
2785;0,035
2786;0,0352
2787;0,0355
2788;0,0355
2789;0,0355
2790;0,0359
2791;0,0357
2792;0,0362
2793;0,0365
2794;0,0366
2795;0,0365
2796;0,0371
2797;0,0368
2798;0,0373
2799;0,0371
2800;0,0372
2801;0,0374
2802;0,0377
2803;0,038
2804;0,0382
2805;0,0377
2806;0,038
2807;0,0384
2808;0,0383
2809;0,0385
2810;0,0385
2811;0,0384
2812;0,0385
2813;0,0384
2814;0,0386
2815;0,0387
2816;0,0387
2817;0,0388
2818;0,0384
2819;0,0388
2820;0,0388
2821;0,0389
2822;0,0387
2823;0,0391
2824;0,0391
2825;0,0391
2826;0,0393
2827;0,0394
2828;0,0391
2829;0,0395
2830;0,0395
2831;0,0396
2832;0,0397
2833;0,04
2834;0,0397
2835;0,0394
2836;0,0395
2837;0,04
2838;0,0398
2839;0,0399
2840;0,0401
2841;0,0405
2842;0,0404
2843;0,0408
2844;0,0405
2845;0,0412
2846;0,041
2847;0,0417
2848;0,0416
2849;0,0418
2850;0,0415
2851;0,042
2852;0,0418
2853;0,0425
2854;0,0424
2855;0,0428
2856;0,0425
2857;0,0428
2858;0,0431
2859;0,0432
2860;0,0433
2861;0,0433
2862;0,0436
2863;0,0435
2864;0,0434
2865;0,0434
2866;0,0435
2867;0,0437
2868;0,0442
2869;0,0441
2870;0,0442
2871;0,0441
2872;0,0444
2873;0,0446
2874;0,0451
2875;0,0451
2876;0,0456
2877;0,0454
2878;0,0456
2879;0,0459
2880;0,0458
2881;0,046
2882;0,0464
2883;0,0466
2884;0,0466
2885;0,0471
2886;0,0469
2887;0,0474
2888;0,0471
2889;0,0473
2890;0,0475
2891;0,048
2892;0,0479
2893;0,0477
2894;0,0477
2895;0,0481
2896;0,048
2897;0,0481
2898;0,048
2899;0,0482
2900;0,0483
2901;0,0482
2902;0,0485
2903;0,0481
2904;0,0485
2905;0,0484
2906;0,0485
2907;0,0483
2908;0,0483
2909;0,0482
2910;0,0482
2911;0,0482
2912;0,0482
2913;0,0485
2914;0,0491
2915;0,0488
2916;0,0492
2917;0,0489
2918;0,0489
2919;0,0489
2920;0,0492
2921;0,0489
2922;0,0488
2923;0,0488
2924;0,0488
2925;0,049
2926;0,0486
2927;0,0487
2928;0,0486
2929;0,0482
2930;0,0483
2931;0,0481
2932;0,0482
2933;0,0479
2934;0,0475
2935;0,0475
2936;0,0473
2937;0,0469
2938;0,0464
2939;0,0467
2940;0,0462
2941;0,0459
2942;0,0459
2943;0,0458
2944;0,0456
2945;0,0454
2946;0,0452
2947;0,0449
2948;0,0445
2949;0,0444
2950;0,0441
2951;0,0439
2952;0,0436
2953;0,0434
2954;0,0429
2955;0,0425
2956;0,0429
2957;0,0423
2958;0,0419
2959;0,0419
2960;0,0415
2961;0,0416
2962;0,0413
2963;0,041
2964;0,0407
2965;0,0406
2966;0,0406
2967;0,0408
2968;0,0401
2969;0,0403
2970;0,0405
2971;0,0404
2972;0,0399
2973;0,0399
2974;0,0399
2975;0,0393
2976;0,0397
2977;0,0395
2978;0,039
2979;0,0387
2980;0,0396
2981;0,0393
2982;0,039
2983;0,0392
2984;0,0386
2985;0,0387
2986;0,0383
2987;0,0383
2988;0,0383
2989;0,0386
2990;0,0379
2991;0,038
2992;0,0378
2993;0,0376
2994;0,0377
2995;0,0376
2996;0,0373
2997;0,0373
2998;0,0371
2999;0,0371
3000;0,0371
3001;0,0365
3002;0,0365
3003;0,0364
3004;0,0362
3005;0,0362
3006;0,0365
3007;0,0362
3008;0,0363
3009;0,0359
3010;0,0359
3011;0,0359
3012;0,0355
3013;0,0359
3014;0,0358
3015;0,0357
3016;0,0357
3017;0,0356
3018;0,0359
3019;0,0355
3020;0,0357
3021;0,0357
3022;0,0354
3023;0,0356
3024;0,0355
3025;0,0358
3026;0,036
3027;0,036
3028;0,0366
3029;0,0362
3030;0,0366
3031;0,0367
3032;0,0374
3033;0,0364
3034;0,0371
3035;0,037
3036;0,0371
3037;0,0374
3038;0,0379
3039;0,0375
3040;0,0379
3041;0,0383
3042;0,038
3043;0,0382
3044;0,0386
3045;0,0389
3046;0,0393
3047;0,0398
3048;0,0402
3049;0,0401
3050;0,0406
3051;0,0403
3052;0,0406
3053;0,0406
3054;0,0405
3055;0,0407
3056;0,0412
3057;0,0406
3058;0,0412
3059;0,0411
3060;0,0415
3061;0,0418
3062;0,042
3063;0,0423
3064;0,0421
3065;0,0423
3066;0,0423
3067;0,0423
3068;0,0427
3069;0,0427
3070;0,0436
3071;0,0433
3072;0,0432
3073;0,0436
3074;0,0439
3075;0,0437
3076;0,044
3077;0,0441
3078;0,0445
3079;0,0444
3080;0,0447
3081;0,045
3082;0,0451
3083;0,0454
3084;0,0456
3085;0,0461
3086;0,0464
3087;0,046
3088;0,0465
3089;0,0462
3090;0,0468
3091;0,047
3092;0,0471
3093;0,0475
3094;0,0474
3095;0,0482
3096;0,0478
3097;0,0478
3098;0,0482
3099;0,0484
3100;0,0483
3101;0,0489
3102;0,049
3103;0,0489
3104;0,049
3105;0,0499
3106;0,0496
3107;0,0496
3108;0,05
3109;0,05
3110;0,0501
3111;0,05
3112;0,0498
3113;0,0504
3114;0,0509
3115;0,0512
3116;0,0515
3117;0,0512
3118;0,0513
3119;0,0513
3120;0,0514
3121;0,0513
3122;0,0511
3123;0,0512
3124;0,0512
3125;0,0514
3126;0,0514
3127;0,0512
3128;0,052
3129;0,0515
3130;0,0517
3131;0,0516
3132;0,0516
3133;0,0513
3134;0,0514
3135;0,0517
3136;0,0515
3137;0,0518
3138;0,0518
3139;0,0518
3140;0,0517
3141;0,0517
3142;0,0516
3143;0,0518
3144;0,0516
3145;0,0516
3146;0,0517
3147;0,0518
3148;0,0518
3149;0,052
3150;0,052
3151;0,0521
3152;0,0521
3153;0,052
3154;0,0516
3155;0,0522
3156;0,0524
3157;0,0526
3158;0,0522
3159;0,0518
3160;0,0519
3161;0,0519
3162;0,0521
3163;0,0519
3164;0,052
3165;0,0519
3166;0,052
3167;0,0522
3168;0,0524
3169;0,0525
3170;0,0519
3171;0,0515
3172;0,0521
3173;0,0518
3174;0,0518
3175;0,0517
3176;0,0517
3177;0,0518
3178;0,0516
3179;0,0519
3180;0,0521
3181;0,0525
3182;0,0521
3183;0,052
3184;0,0525
3185;0,0522
3186;0,0521
3187;0,0519
3188;0,0523
3189;0,0523
3190;0,0519
3191;0,052
3192;0,0522
3193;0,052
3194;0,0524
3195;0,0521
3196;0,0521
3197;0,0522
3198;0,0523
3199;0,0521
3200;0,0526
3201;0,0525
3202;0,0526
3203;0,0525
3204;0,0529
3205;0,053
3206;0,0529
3207;0,0528
3208;0,053
3209;0,0527
3210;0,0529
3211;0,0533
3212;0,0531
3213;0,0531
3214;0,0529
3215;0,0528
3216;0,0529
3217;0,0531
3218;0,0536
3219;0,0535
3220;0,0531
3221;0,0532
3222;0,0533
3223;0,0526
3224;0,0531
3225;0,0528
3226;0,0525
3227;0,0533
3228;0,0534
3229;0,0536
3230;0,0532
3231;0,0529
3232;0,0529
3233;0,0533
3234;0,053
3235;0,053
3236;0,0531
3237;0,0526
3238;0,0529
3239;0,0525
3240;0,0525
3241;0,0526
3242;0,053
3243;0,053
3244;0,0531
3245;0,0533
3246;0,0536
3247;0,0536
3248;0,0537
3249;0,0539
3250;0,054
3251;0,0534
3252;0,0533
3253;0,0532
3254;0,0535
3255;0,0531
3256;0,053
3257;0,053
3258;0,0533
3259;0,0535
3260;0,0531
3261;0,0531
3262;0,0526
3263;0,0531
3264;0,053
3265;0,0528
3266;0,0526
3267;0,0527
3268;0,0528
3269;0,0528
3270;0,0524
3271;0,0519
3272;0,0518
3273;0,0521
3274;0,0516
3275;0,0512
3276;0,0515
3277;0,0513
3278;0,0506
3279;0,0507
3280;0,0504
3281;0,0501
3282;0,0497
3283;0,0493
3284;0,0494
3285;0,0488
3286;0,0489
3287;0,0484
3288;0,0483
3289;0,048
3290;0,0476
3291;0,0476
3292;0,0474
3293;0,0467
3294;0,0468
3295;0,0465
3296;0,0463
3297;0,0459
3298;0,0457
3299;0,0456
3300;0,0452
3301;0,0447
3302;0,0444
3303;0,0443
3304;0,0441
3305;0,0434
3306;0,0435
3307;0,0432
3308;0,0433
3309;0,0427
3310;0,0426
3311;0,0425
3312;0,042
3313;0,0427
3314;0,0422
3315;0,0417
3316;0,0416
3317;0,0408
3318;0,0411
3319;0,0403
3320;0,04
3321;0,0399
3322;0,0397
3323;0,0388
3324;0,0385
3325;0,0381
3326;0,0378
3327;0,0374
3328;0,0369
3329;0,0363
3330;0,0358
3331;0,0356
3332;0,0351
3333;0,0347
3334;0,0345
3335;0,0341
3336;0,0335
3337;0,0335
3338;0,0328
3339;0,0319
3340;0,0317
3341;0,0316
3342;0,031
3343;0,0305
3344;0,0303
3345;0,0296
3346;0,0294
3347;0,0288
3348;0,0286
3349;0,0285
3350;0,0279
3351;0,0276
3352;0,0269
3353;0,0266
3354;0,0265
3355;0,0258
3356;0,0256
3357;0,025
3358;0,0253
3359;0,0244
3360;0,0243
3361;0,024
3362;0,024
3363;0,0237
3364;0,0229
3365;0,0226
3366;0,0223
3367;0,0219
3368;0,0215
3369;0,0212
3370;0,0208
3371;0,0205
3372;0,0201
3373;0,0199
3374;0,0197
3375;0,0194
3376;0,0188
3377;0,0183
3378;0,0184
3379;0,0186
3380;0,0181
3381;0,0178
3382;0,0178
3383;0,0176
3384;0,0172
3385;0,0166
3386;0,0163
3387;0,0162
3388;0,016
3389;0,0155
3390;0,0151
3391;0,0148
3392;0,0146
3393;0,0141
3394;0,0138
3395;0,0137
3396;0,0125
3397;0,0129
3398;0,0127
3399;0,0122
3400;0,0122
3401;0,0117
3402;0,0111
3403;0,0107
3404;0,0106
3405;0,0099999999999998
3406;0,0101
3407;0,0098000000000003
3408;0,0095999999999998
3409;0,0091000000000001
3410;0,0092999999999996
3411;0,0087000000000002
3412;0,0091999999999999
3413;0,0081999999999995
3414;0,0080999999999998
3415;0,008
3416;0,0075000000000003
3417;0,0073999999999996
3418;0,0071000000000003
3419;0,0065999999999997
3420;0,0065999999999997
3421;0,0065
3422;0,0061999999999998
3423;0,0062999999999995
3424;0,0057
3425;0,0057
3426;0,0056000000000003
3427;0,0052000000000003
3428;0,0052000000000003
3429;0,0049999999999999
3430;0,0049000000000001
3431;0,0045000000000002
3432;0,0043999999999995
3433;0,0045000000000002
3434;0,0046999999999997
3435;0,0041000000000002
3436;0,0041000000000002
3437;0,0037000000000003
3438;0,0037000000000003
3439;0,0037000000000003
3440;0,0037000000000003
3441;0,0034000000000001
3442;0,0034999999999998
3443;0,0037000000000003
3444;0,0034000000000001
3445;0,0035999999999996
3446;0,0041000000000002
3447;0,0045000000000002
3448;0,0046999999999997
3449;0,0046999999999997
3450;0,0042999999999997
3451;0,0046999999999997
3452;0,0050999999999997
3453;0,0053000000000001
3454;0,0050999999999997
3455;0,0052000000000003
3456;0,0052000000000003
3457;0,0054999999999996
3458;0,0057
3459;0,0062999999999995
3460;0,0064000000000002
3461;0,0061999999999998
3462;0,0064000000000002
3463;0,0068999999999999
3464;0,0068999999999999
3465;0,0075000000000003
3466;0,0072999999999999
3467;0,0076000000000001
3468;0,0081999999999995
3469;0,0083000000000002
3470;0,0087999999999999
3471;0,0091000000000001
3472;0,0092999999999996
3473;0,0098000000000003
3474;0,0099999999999998
3475;0,0103
3476;0,0107
3477;0,0113
3478;0,0117
3479;0,0118
3480;0,012
3481;0,0118
3482;0,0124
3483;0,0121
3484;0,0128
3485;0,0133
3486;0,0139
3487;0,014
3488;0,0144
3489;0,0141
3490;0,0144
3491;0,0145
3492;0,0151
3493;0,0156
3494;0,0158
3495;0,0162
3496;0,0165
3497;0,0166
3498;0,0172
3499;0,0171
3500;0,0176
3501;0,0178
3502;0,0182
3503;0,0186
3504;0,0189
3505;0,0189
3506;0,0193
3507;0,0193
3508;0,02
3509;0,0202
3510;0,0202
3511;0,0207
3512;0,0213
3513;0,0217
3514;0,0221
3515;0,0227
3516;0,0225
3517;0,0226
3518;0,023
3519;0,0234
3520;0,0239
3521;0,0244
3522;0,0242
3523;0,0247
3524;0,025
3525;0,0253
3526;0,026
3527;0,0258
3528;0,0262
3529;0,0264
3530;0,0269
3531;0,0271
3532;0,0275
3533;0,0278
3534;0,0276
3535;0,0284
3536;0,0287
3537;0,029
3538;0,0291
3539;0,0297
3540;0,0294
3541;0,03
3542;0,0303
3543;0,0308
3544;0,031
3545;0,0312
3546;0,0311
3547;0,0318
3548;0,0316
3549;0,0322
3550;0,0324
3551;0,0325
3552;0,0327
3553;0,033
3554;0,0331
3555;0,0335
3556;0,0339
3557;0,0336
3558;0,0338
3559;0,0342
3560;0,0342
3561;0,0345
3562;0,0351
3563;0,0347
3564;0,0354
3565;0,035
3566;0,0354
3567;0,0356
3568;0,0354
3569;0,0358
3570;0,0364
3571;0,0359
3572;0,0363
3573;0,0362
3574;0,0364
3575;0,036
3576;0,0364
3577;0,0361
3578;0,0361
3579;0,0369
3580;0,0375
3581;0,0373
3582;0,0375
3583;0,0371
3584;0,0371
3585;0,0374
3586;0,0372
3587;0,0376
3588;0,0376
3589;0,0375
3590;0,0373
3591;0,0377
3592;0,0378
3593;0,0376
3594;0,0376
3595;0,0372
3596;0,0372
3597;0,0372
3598;0,0369
3599;0,0373
3600;0,037
3601;0,0372
3602;0,0368
3603;0,0368
3604;0,0367
3605;0,0367
3606;0,0363
3607;0,0358
3608;0,0364
3609;0,0364
3610;0,0359
3611;0,0358
3612;0,0353
3613;0,0354
3614;0,0354
3615;0,0347
3616;0,0345
3617;0,0343
3618;0,0345
3619;0,0344
3620;0,0342
3621;0,0343
3622;0,0343
3623;0,0338
3624;0,0339
3625;0,0339
3626;0,0338
3627;0,0337
3628;0,0332
3629;0,0333
3630;0,033
3631;0,0326
3632;0,033
3633;0,0326
3634;0,0324
3635;0,0318
3636;0,032
3637;0,0318
3638;0,032
3639;0,0318
3640;0,0315
3641;0,0315
3642;0,0316
3643;0,0314
3644;0,0312
3645;0,0315
3646;0,0318
3647;0,0315
3648;0,0316
3649;0,0316
3650;0,0314
3651;0,0316
3652;0,0311
3653;0,0312
3654;0,0311
3655;0,0306
3656;0,0313
3657;0,0306
3658;0,0303
3659;0,0301
3660;0,0305
3661;0,0303
3662;0,0305
3663;0,0298
3664;0,03
3665;0,0299
3666;0,0294
3667;0,0293
3668;0,0294
3669;0,0289
3670;0,0285
3671;0,0287
3672;0,0283
3673;0,0282
3674;0,0282
3675;0,0278
3676;0,0278
3677;0,0276
3678;0,0273
3679;0,0274
3680;0,0279
3681;0,0273
3682;0,0271
3683;0,0267
3684;0,0274
3685;0,0268
3686;0,0266
3687;0,0269
3688;0,0265
3689;0,0266
3690;0,0268
3691;0,0263
3692;0,0264
3693;0,0265
3694;0,0263
3695;0,0261
3696;0,0257
3697;0,0261
3698;0,0258
3699;0,026
3700;0,0253
3701;0,0256
3702;0,0257
3703;0,0257
3704;0,0256
3705;0,0254
3706;0,0252
3707;0,0254
3708;0,0254
3709;0,0254
3710;0,0252
3711;0,025
3712;0,0257
3713;0,0254
3714;0,0256
3715;0,026
3716;0,0262
3717;0,026
3718;0,0261
3719;0,0262
3720;0,0259
3721;0,0257
3722;0,0259
3723;0,0254
3724;0,0254
3725;0,0253
3726;0,0252
3727;0,0252
3728;0,0252
3729;0,0253
3730;0,0251
3731;0,0251
3732;0,0252
3733;0,0252
3734;0,0251
3735;0,0254
3736;0,0251
3737;0,0255
3738;0,0258
3739;0,0256
3740;0,0253
3741;0,0257
3742;0,0252
3743;0,0251
3744;0,0251
3745;0,0253
3746;0,0256
3747;0,0258
3748;0,0256
3749;0,0258
3750;0,0259
3751;0,026
3752;0,0258
3753;0,0259
3754;0,0261
3755;0,0258
3756;0,0263
3757;0,0261
3758;0,0261
3759;0,0262
3760;0,0266
3761;0,0264
3762;0,0265
3763;0,0266
3764;0,0266
3765;0,0264
3766;0,0266
3767;0,0264
3768;0,0267
3769;0,0269
3770;0,0263
3771;0,0268
3772;0,0268
3773;0,0269
3774;0,0268
3775;0,027
3776;0,0272
3777;0,0271
3778;0,0275
3779;0,0277
3780;0,0277
3781;0,0279
3782;0,0275
3783;0,0279
3784;0,0283
3785;0,0278
3786;0,0284
3787;0,0283
3788;0,0285
3789;0,0286
3790;0,0289
3791;0,0288
3792;0,029
3793;0,0293
3794;0,0294
3795;0,0293
3796;0,0293
3797;0,0294
3798;0,0295
3799;0,0298
3800;0,0295
3801;0,0298
3802;0,0301
3803;0,0296
3804;0,0299
3805;0,0298
3806;0,0302
3807;0,0307
3808;0,0303
3809;0,0307
3810;0,0303
3811;0,0307
3812;0,0307
3813;0,031
3814;0,0308
3815;0,0309
3816;0,0311
3817;0,0312
3818;0,0312
3819;0,0311
3820;0,0312
3821;0,0311
3822;0,0315
3823;0,0314
3824;0,0316
3825;0,0313
3826;0,0317
3827;0,0315
3828;0,032
3829;0,0312
3830;0,0314
3831;0,032
3832;0,0319
3833;0,0317
3834;0,0319
3835;0,0317
3836;0,0317
3837;0,0314
3838;0,0317
3839;0,0317
3840;0,0317
3841;0,0313
3842;0,0316
3843;0,0317
3844;0,0316
3845;0,0323
3846;0,0324
3847;0,0322
3848;0,032
3849;0,0317
3850;0,0319
3851;0,0318
3852;0,0321
3853;0,0322
3854;0,032
3855;0,0318
3856;0,0315
3857;0,0318
3858;0,0316
3859;0,0315
3860;0,0316
3861;0,0315
3862;0,0315
3863;0,031
3864;0,0314
3865;0,0313
3866;0,0315
3867;0,0313
3868;0,031
3869;0,0307
3870;0,031
3871;0,0309
3872;0,0312
3873;0,031
3874;0,0306
3875;0,0305
3876;0,0309
3877;0,0307
3878;0,0306
3879;0,0302
3880;0,0305
3881;0,0308
3882;0,0305
3883;0,0304
3884;0,0305
3885;0,03
3886;0,03
3887;0,0301
3888;0,0304
3889;0,0298
3890;0,0298
3891;0,0296
3892;0,0294
3893;0,0291
3894;0,0291
3895;0,0289
3896;0,0287
3897;0,0281
3898;0,0287
3899;0,0288
3900;0,0279
3901;0,0283
3902;0,0274
3903;0,0281
3904;0,0279
3905;0,0276
3906;0,0274
3907;0,0274
3908;0,0269
3909;0,0266
3910;0,0268
3911;0,0272
3912;0,0267
3913;0,0266
3914;0,0267
3915;0,0264
3916;0,0261
3917;0,026
3918;0,0261
3919;0,0258
3920;0,0256
3921;0,0254
3922;0,0256
3923;0,0251
3924;0,0253
3925;0,0249
3926;0,0249
3927;0,0244
3928;0,0248
3929;0,0244
3930;0,0244
3931;0,0243
3932;0,0245
3933;0,0243
3934;0,0243
3935;0,0243
3936;0,0245
3937;0,0243
3938;0,0243
3939;0,0239
3940;0,0244
3941;0,0238
3942;0,024
3943;0,0241
3944;0,0242
3945;0,0239
3946;0,0239
3947;0,0239
3948;0,0241
3949;0,0242
3950;0,0239
3951;0,0238
3952;0,0239
3953;0,0238
3954;0,0245
3955;0,0242
3956;0,0247
3957;0,0245
3958;0,0249
3959;0,0246
3960;0,025
3961;0,0247
3962;0,0247
3963;0,0251
3964;0,0253
3965;0,0255
3966;0,0255
3967;0,0254
3968;0,0256
3969;0,0254
3970;0,0257
3971;0,026
3972;0,0258
3973;0,0263
3974;0,0263
3975;0,0266
3976;0,0267
3977;0,027
3978;0,0275
3979;0,0276
3980;0,0277
3981;0,0282
3982;0,0282
3983;0,0284
3984;0,0288
3985;0,0286
3986;0,0289
3987;0,029
3988;0,0294
3989;0,0292
3990;0,0297
3991;0,0299
3992;0,0296
3993;0,03
3994;0,03
3995;0,0304
3996;0,0304
3997;0,0306
3998;0,031
3999;0,0308
4000;0,0307
4001;0,0314
4002;0,0314
4003;0,0314
4004;0,0313
4005;0,032
4006;0,0318
4007;0,0319
4008;0,0319
4009;0,0325
4010;0,0327
4011;0,0325
4012;0,0325
4013;0,033
4014;0,033
4015;0,0332
4016;0,0336
4017;0,0343
4018;0,0341
4019;0,0345
4020;0,0342
4021;0,0347
4022;0,0349
4023;0,0346
4024;0,0344
4025;0,035
4026;0,0349
4027;0,0354
4028;0,0353
4029;0,0354
4030;0,0357
4031;0,0361
4032;0,0358
4033;0,0361
4034;0,036
4035;0,0359
4036;0,0361
4037;0,0362
4038;0,036
4039;0,0362
4040;0,0366
4041;0,0364
4042;0,0367
4043;0,0364
4044;0,0368
4045;0,0373
4046;0,0374
4047;0,0366
4048;0,0372
4049;0,0375
4050;0,0374
4051;0,0369
4052;0,0371
4053;0,0373
4054;0,0373
4055;0,0373
4056;0,0372
4057;0,0369
4058;0,0366
4059;0,0365
4060;0,0368
4061;0,0363
4062;0,036
4063;0,036
4064;0,036
4065;0,0361
4066;0,036
4067;0,0358
4068;0,0356
4069;0,0358
4070;0,0358
4071;0,0355
4072;0,0349
4073;0,0354
4074;0,0354
4075;0,0349
4076;0,0353
4077;0,0349
4078;0,0348
4079;0,0345
4080;0,0346
4081;0,0345
4082;0,0342
4083;0,034
4084;0,0345
4085;0,0345
4086;0,0344
4087;0,0342
4088;0,0343
4089;0,0337
4090;0,0338
4091;0,0332
4092;0,0332
4093;0,0329
4094;0,033
4095;0,0325
4096;0,0324
4097;0,0328
4098;0,0325
4099;0,0323
4100;0,0321
4101;0,0316
4102;0,0319
4103;0,0317
4104;0,0319
4105;0,0319
4106;0,032
4107;0,0316
4108;0,0315
4109;0,0312
4110;0,0312
4111;0,0317
4112;0,0317
4113;0,0316
4114;0,0318
4115;0,0318
4116;0,0318
4117;0,0316
4118;0,0318
4119;0,0316
4120;0,0313
4121;0,0315
4122;0,0314
4123;0,0307
4124;0,0312
4125;0,0307
4126;0,0309
4127;0,0312
4128;0,0307
4129;0,031
4130;0,0308
4131;0,0306
4132;0,0304
4133;0,0305
4134;0,0303
4135;0,0303
4136;0,0305
4137;0,031
4138;0,0304
4139;0,0302
4140;0,03
4141;0,0301
4142;0,0299
4143;0,0302
4144;0,0298
4145;0,0297
4146;0,0295
4147;0,0301
4148;0,0302
4149;0,0301
4150;0,0303
4151;0,0294
4152;0,0301
4153;0,0298
4154;0,0303
4155;0,0298
4156;0,0296
4157;0,03
4158;0,0296
4159;0,0298
4160;0,0293
4161;0,0297
4162;0,0297
4163;0,0302
4164;0,0302
4165;0,03
4166;0,0296
4167;0,0301
4168;0,0306
4169;0,03
4170;0,0304
4171;0,0301
4172;0,0301
4173;0,03
4174;0,0303
4175;0,0304
4176;0,0303
4177;0,0302
4178;0,0306
4179;0,0307
4180;0,0304
4181;0,0307
4182;0,0307
4183;0,0303
4184;0,0302
4185;0,0299
4186;0,0299
4187;0,0296
4188;0,0297
4189;0,0294
4190;0,0297
4191;0,0294
4192;0,0292
4193;0,029
4194;0,0288
4195;0,0294
4196;0,029
4197;0,0285
4198;0,0284
4199;0,0281
4200;0,0277
4201;0,0279
4202;0,0277
4203;0,0272
4204;0,0272
4205;0,027
4206;0,027
4207;0,0268
4208;0,0267
4209;0,0266
4210;0,0263
4211;0,0262
4212;0,0256
4213;0,0256
4214;0,0255
4215;0,0253
4216;0,0256
4217;0,025
4218;0,0248
4219;0,0247
4220;0,0246
4221;0,0247
4222;0,0249
4223;0,0243
4224;0,0244
4225;0,0239
4226;0,0241
4227;0,0236
4228;0,0238
4229;0,0237
4230;0,0234
4231;0,0231
4232;0,0228
4233;0,0224
4234;0,0227
4235;0,0224
4236;0,0222
4237;0,022
4238;0,0221
4239;0,0214
4240;0,0214
4241;0,0212
4242;0,0211
4243;0,0207
4244;0,0211
4245;0,0215
4246;0,0212
4247;0,0207
4248;0,021
4249;0,0205
4250;0,0204
4251;0,0202
4252;0,0199
4253;0,0198
4254;0,0202
4255;0,0199
4256;0,0197
4257;0,0194
4258;0,0191
4259;0,0191
4260;0,0186
4261;0,0185
4262;0,0185
4263;0,0178
4264;0,0179
4265;0,0179
4266;0,0179
4267;0,0174
4268;0,0172
4269;0,0168
4270;0,0166
4271;0,0168
4272;0,0166
4273;0,0161
4274;0,0162
4275;0,0161
4276;0,0158
4277;0,0154
4278;0,0156
4279;0,0151
4280;0,0149
4281;0,0149
4282;0,0151
4283;0,0149
4284;0,015
4285;0,0147
4286;0,0148
4287;0,0145
4288;0,0145
4289;0,0145
4290;0,0145
4291;0,0146
4292;0,0143
4293;0,0142
4294;0,0141
4295;0,0146
4296;0,0142
4297;0,0142
4298;0,014
4299;0,014
4300;0,014
4301;0,014
4302;0,0136
4303;0,0136
4304;0,0138
4305;0,0135
4306;0,0141
4307;0,0134
4308;0,0135
4309;0,0134
4310;0,0146
4311;0,0142
4312;0,0141
4313;0,014
4314;0,0142
4315;0,0145
4316;0,0145
4317;0,0145
4318;0,0145
4319;0,0141
4320;0,0146
4321;0,0143
4322;0,0143
4323;0,0144
4324;0,0139
4325;0,0141
4326;0,0143
4327;0,0142
4328;0,0145
4329;0,0142
4330;0,0143
4331;0,0142
4332;0,0148
4333;0,0149
4334;0,0154
4335;0,0152
4336;0,0152
4337;0,015
4338;0,015
4339;0,0153
4340;0,0152
4341;0,015
4342;0,0155
4343;0,016
4344;0,0161
4345;0,0156
4346;0,0155
4347;0,0155
4348;0,0158
4349;0,0153
4350;0,0156
4351;0,0162
4352;0,0163
4353;0,0165
4354;0,0169
4355;0,0173
4356;0,0171
4357;0,0172
4358;0,0178
4359;0,0179
4360;0,0177
4361;0,0179
4362;0,018
4363;0,0182
4364;0,018
4365;0,0184
4366;0,0185
4367;0,0188
4368;0,0188
4369;0,019
4370;0,0194
4371;0,0191
4372;0,0195
4373;0,0199
4374;0,0198
4375;0,0203
4376;0,0203
4377;0,0204
4378;0,0208
4379;0,0212
4380;0,0214
4381;0,0214
4382;0,0217
4383;0,022
4384;0,022
4385;0,0222
4386;0,0221
4387;0,0225
4388;0,0228
4389;0,0227
4390;0,0232
4391;0,0229
4392;0,0231
4393;0,0229
4394;0,023
4395;0,0234
4396;0,0238
4397;0,0232
4398;0,023
4399;0,0235
4400;0,024
4401;0,0238
4402;0,0242
4403;0,0242
4404;0,0244
4405;0,0243
4406;0,0248
4407;0,0248
4408;0,0245
4409;0,0249
4410;0,025
4411;0,0251
4412;0,0251
4413;0,0252
4414;0,0254
4415;0,0256
4416;0,0255
4417;0,0257
4418;0,0259
4419;0,0262
4420;0,0258
4421;0,0262
4422;0,0264
4423;0,0266
4424;0,0265
4425;0,0267
4426;0,0269
4427;0,0275
4428;0,0273
4429;0,0271
4430;0,0273
4431;0,0274
4432;0,0277
4433;0,0277
4434;0,0276
4435;0,028
4436;0,0278
4437;0,0283
4438;0,0283
4439;0,0281
4440;0,0287
4441;0,0285
4442;0,0285
4443;0,0288
4444;0,0297
4445;0,0299
4446;0,0297
4447;0,03
4448;0,03
4449;0,0299
4450;0,0301
4451;0,03
4452;0,0302
4453;0,0305
4454;0,0308
4455;0,0308
4456;0,0307
4457;0,0313
4458;0,031
4459;0,0314
4460;0,0313
4461;0,0313
4462;0,0316
4463;0,0315
4464;0,032
4465;0,0325
4466;0,032
4467;0,0322
4468;0,0328
4469;0,0328
4470;0,0328
4471;0,0328
4472;0,0335
4473;0,0328
4474;0,0331
4475;0,0334
4476;0,0337
4477;0,0339
4478;0,0341
4479;0,0341
4480;0,0344
4481;0,0343
4482;0,0347
4483;0,0347
4484;0,0349
4485;0,0351
4486;0,0355
4487;0,0354
4488;0,0354
4489;0,0355
4490;0,0362
4491;0,0358
4492;0,0362
4493;0,036
4494;0,0363
4495;0,0365
4496;0,0363
4497;0,0366
4498;0,0371
4499;0,0369
4500;0,0371
4501;0,0372
4502;0,0373
4503;0,0377
4504;0,0377
4505;0,0381
4506;0,0381
4507;0,0378
4508;0,0382
4509;0,0382
4510;0,0387
4511;0,0389
4512;0,0388
4513;0,039
4514;0,0391
4515;0,0394
4516;0,039
4517;0,039
4518;0,0389
4519;0,0391
4520;0,0392
4521;0,039
4522;0,0391
4523;0,0389
4524;0,0391
4525;0,039
4526;0,0388
4527;0,0389
4528;0,0385
4529;0,0386
4530;0,0381
4531;0,0387
4532;0,0386
4533;0,0381
4534;0,0383
4535;0,0381
4536;0,0383
4537;0,0381
4538;0,038
4539;0,0379
4540;0,0381
4541;0,0373
4542;0,038
4543;0,0369
4544;0,0366
4545;0,0364
4546;0,0365
4547;0,0363
4548;0,0364
4549;0,0358
4550;0,0359
4551;0,0361
4552;0,0358
4553;0,0355
4554;0,0353
4555;0,0351
4556;0,0348
4557;0,0343
4558;0,0345
4559;0,0343
4560;0,0341
4561;0,034
4562;0,0341
4563;0,0333
4564;0,0334
4565;0,0333
4566;0,0331
4567;0,0327
4568;0,0325
4569;0,0322
4570;0,0321
4571;0,0318
4572;0,0317
4573;0,0311
4574;0,0311
4575;0,0308
4576;0,0305
4577;0,0311
4578;0,031
4579;0,0308
4580;0,0304
4581;0,0304
4582;0,0303
4583;0,0304
4584;0,0302
4585;0,0299
4586;0,03
4587;0,0295
4588;0,0294
4589;0,0287
4590;0,0286
4591;0,0283
4592;0,0284
4593;0,0284
4594;0,0283
4595;0,0281
4596;0,028
4597;0,0277
4598;0,0281
4599;0,0276
4600;0,0274
4601;0,0271
4602;0,0269
4603;0,0274
4604;0,0267
4605;0,0264
4606;0,0266
4607;0,0267
4608;0,0267
4609;0,0263
4610;0,0264
4611;0,0258
4612;0,0261
4613;0,0258
4614;0,0255
4615;0,0256
4616;0,0253
4617;0,0255
4618;0,0251
4619;0,0252
4620;0,0252
4621;0,0253
4622;0,0255
4623;0,0256
4624;0,0253
4625;0,0253
4626;0,0253
4627;0,0254
4628;0,0255
4629;0,0252
4630;0,0253
4631;0,0251
4632;0,0253
4633;0,0251
4634;0,0252
4635;0,025
4636;0,025
4637;0,0252
4638;0,025
4639;0,0244
4640;0,0249
4641;0,0249
4642;0,0246
4643;0,0253
4644;0,0253
4645;0,0251
4646;0,0256
4647;0,0255
4648;0,0256
4649;0,0252
4650;0,0255
4651;0,0258
4652;0,0255
4653;0,0255
4654;0,0263
4655;0,0264
4656;0,0261
4657;0,0261
4658;0,0259
4659;0,0261
4660;0,0261
4661;0,0262
4662;0,0263
4663;0,0262
4664;0,0265
4665;0,026
4666;0,0264
4667;0,0268
4668;0,0269
4669;0,0267
4670;0,0268
4671;0,0264
4672;0,0264
4673;0,0261
4674;0,0264
4675;0,0265
4676;0,0262
4677;0,0262
4678;0,0262
4679;0,0265
4680;0,0263
4681;0,0264
4682;0,0263
4683;0,0264
4684;0,0263
4685;0,0264
4686;0,0265
4687;0,0267
4688;0,0262
4689;0,0269
4690;0,0264
4691;0,0266
4692;0,0265
4693;0,0266
4694;0,0267
4695;0,0268
4696;0,0268
4697;0,0268
4698;0,0267
4699;0,0273
4700;0,027
4701;0,0269
4702;0,0267
4703;0,0269
4704;0,027
4705;0,027
4706;0,0268
4707;0,0267
4708;0,0271
4709;0,0273
4710;0,0276
4711;0,0272
4712;0,0274
4713;0,0277
4714;0,0277
4715;0,0274
4716;0,0277
4717;0,0279
4718;0,0276
4719;0,0271
4720;0,0272
4721;0,0277
4722;0,0275
4723;0,0274
4724;0,0273
4725;0,0272
4726;0,0269
4727;0,0268
4728;0,0265
4729;0,0266
4730;0,0269
4731;0,0267
4732;0,027
4733;0,0272
4734;0,0272
4735;0,027
4736;0,027
4737;0,0267
4738;0,0272
4739;0,0269
4740;0,0272
4741;0,027
4742;0,0271
4743;0,0268
4744;0,0267
4745;0,0269
4746;0,0267
4747;0,0268
4748;0,0265
4749;0,0268
4750;0,0271
4751;0,0266
4752;0,027
4753;0,0271
4754;0,0268
4755;0,0264
4756;0,0264
4757;0,027
4758;0,0264
4759;0,0263
4760;0,0263
4761;0,0262
4762;0,0262
4763;0,026
4764;0,0266
4765;0,0264
4766;0,026
4767;0,0258
4768;0,026
4769;0,0258
4770;0,0257
4771;0,0256
4772;0,0257
4773;0,0258
4774;0,026
4775;0,0255
4776;0,0263
4777;0,0262
4778;0,0261
4779;0,0262
4780;0,0266
4781;0,0265
4782;0,0263
4783;0,0259
4784;0,0265
4785;0,0256
4786;0,0255
4787;0,0256
4788;0,0252
4789;0,0254
4790;0,0253
4791;0,0251
4792;0,0248
4793;0,0247
4794;0,0243
4795;0,0244
4796;0,024
4797;0,0238
4798;0,024
4799;0,0237
4800;0,0235
4801;0,0231
4802;0,0231
4803;0,0227
4804;0,0225
4805;0,0222
4806;0,0219
4807;0,0213
4808;0,021
4809;0,021
4810;0,0205
4811;0,0201
4812;0,0199
4813;0,0196
4814;0,0198
4815;0,0195
4816;0,019
4817;0,0186
4818;0,0185
4819;0,0186
4820;0,0182
4821;0,0178
4822;0,0171
4823;0,0167
4824;0,0171
4825;0,0166
4826;0,0163
4827;0,0161
4828;0,0157
4829;0,0154
4830;0,0152
4831;0,015
4832;0,0147
4833;0,0143
4834;0,0144
4835;0,0136
4836;0,0133
4837;0,0132
4838;0,013
4839;0,0127
4840;0,0127
4841;0,0121
4842;0,0121
4843;0,0123
4844;0,0119
4845;0,0118
4846;0,0118
4847;0,0119
4848;0,0121
4849;0,0114
4850;0,012
4851;0,012
4852;0,0118
4853;0,0121
4854;0,0115
4855;0,0118
4856;0,0117
4857;0,0118
4858;0,0116
4859;0,0119
4860;0,012
4861;0,0117
4862;0,0119
4863;0,0119
4864;0,0119
4865;0,012
4866;0,012
4867;0,0123
4868;0,012
4869;0,0124
4870;0,0123
4871;0,0128
4872;0,0123
4873;0,0129
4874;0,0126
4875;0,0129
4876;0,0134
4877;0,0136
4878;0,0135
4879;0,0136
4880;0,0137
4881;0,0141
4882;0,0144
4883;0,0147
4884;0,015
4885;0,0149
4886;0,0148
4887;0,0149
4888;0,0152
4889;0,0156
4890;0,0157
4891;0,0158
4892;0,0161
4893;0,0164
4894;0,0166
4895;0,0171
4896;0,0174
4897;0,0172
4898;0,0181
4899;0,0179
4900;0,0177
4901;0,0182
4902;0,0186
4903;0,0191
4904;0,019
4905;0,0195
4906;0,0195
4907;0,0199
4908;0,02
4909;0,0207
4910;0,0211
4911;0,0211
4912;0,0212
4913;0,0213
4914;0,0221
4915;0,0222
4916;0,0222
4917;0,0226
4918;0,0227
4919;0,0229
4920;0,0229
4921;0,0232
4922;0,0235
4923;0,0239
4924;0,0234
4925;0,0237
4926;0,0239
4927;0,0238
4928;0,0244
4929;0,0243
4930;0,0244
4931;0,0247
4932;0,0248
4933;0,0247
4934;0,0252
4935;0,0252
4936;0,0254
4937;0,0261
4938;0,0261
4939;0,0262
4940;0,0263
4941;0,0263
4942;0,0265
4943;0,0266
4944;0,0268
4945;0,0264
4946;0,0271
4947;0,0271
4948;0,0276
4949;0,0277
4950;0,0278
4951;0,028
4952;0,0278
4953;0,0279
4954;0,0286
4955;0,0285
4956;0,0288
4957;0,0288
4958;0,0292
4959;0,0293
4960;0,0287
4961;0,0294
4962;0,0294
4963;0,0297
4964;0,0296
4965;0,0296
4966;0,0298
4967;0,0301
4968;0,0304
4969;0,0304
4970;0,0304
4971;0,0306
4972;0,0302
4973;0,0305
4974;0,0305
4975;0,0308
4976;0,0312
4977;0,0316
4978;0,0317
4979;0,0313
4980;0,0316
4981;0,0316
4982;0,0315
4983;0,0323
4984;0,0313
4985;0,0318
4986;0,0317
4987;0,0315
4988;0,0314
4989;0,032
4990;0,0315
4991;0,0317
4992;0,032
4993;0,0319
4994;0,0317
4995;0,032
4996;0,0321
4997;0,0316
4998;0,0319
4999;0,0315
5000;0,0309
5001;0,031
5002;0,0315
5003;0,031
5004;0,0312
5005;0,0307
5006;0,031
5007;0,0311
5008;0,0317
5009;0,0313
5010;0,0312
5011;0,0313
5012;0,0308
5013;0,0306
5014;0,0305
5015;0,0308
5016;0,0307
5017;0,0303
5018;0,0302
5019;0,0301
5020;0,0304
5021;0,0296
5022;0,0294
5023;0,0294
5024;0,0292
5025;0,0293
5026;0,0292
5027;0,0292
5028;0,0292
5029;0,0293
5030;0,0289
5031;0,0292
5032;0,0289
5033;0,0287
5034;0,0289
5035;0,0282
5036;0,0285
5037;0,0282
5038;0,0279
5039;0,0278
5040;0,0281
5041;0,0274
5042;0,0279
5043;0,0282
5044;0,0282
5045;0,0284
5046;0,0283
5047;0,0283
5048;0,0281
5049;0,0281
5050;0,0282
5051;0,028
5052;0,0276
5053;0,0274
5054;0,0271
5055;0,0274
5056;0,0276
5057;0,0276
5058;0,0277
5059;0,0277
5060;0,0274
5061;0,0274
5062;0,0277
5063;0,0272
5064;0,0276
5065;0,0278
5066;0,0281
5067;0,028
5068;0,0279
5069;0,0284
5070;0,0283
5071;0,0278
5072;0,0276
5073;0,0279
5074;0,028
5075;0,0276
5076;0,028
5077;0,0281
5078;0,0284
5079;0,0283
5080;0,0283
5081;0,0281
5082;0,0286
5083;0,0284
5084;0,0287
5085;0,0288
5086;0,0281
5087;0,0282
5088;0,0281
5089;0,0279
5090;0,0284
5091;0,0284
5092;0,0283
5093;0,0283
5094;0,0281
5095;0,0279
5096;0,0277
5097;0,0277
5098;0,0275
5099;0,0277
5100;0,0276
5101;0,0273
5102;0,0274
5103;0,0276
5104;0,0276
5105;0,0274
5106;0,027
5107;0,0274
5108;0,0276
5109;0,0278
5110;0,028
5111;0,0277
5112;0,0277
5113;0,0272
5114;0,0273
5115;0,0271
5116;0,0268
5117;0,0264
5118;0,0266
5119;0,0261
5120;0,0258
5121;0,0257
5122;0,0257
5123;0,0254
5124;0,0257
5125;0,0252
5126;0,0253
5127;0,0248
5128;0,0248
5129;0,0243
5130;0,0241
5131;0,0239
5132;0,0237
5133;0,0238
5134;0,0236
5135;0,0235
5136;0,023
5137;0,0236
5138;0,023
5139;0,0229
5140;0,0224
5141;0,0223
5142;0,0222
5143;0,0224
5144;0,022
5145;0,0216
5146;0,0217
5147;0,0218
5148;0,0213
5149;0,0211
5150;0,0211
5151;0,0208
5152;0,0207
5153;0,0209
5154;0,0205
5155;0,0201
5156;0,0201
5157;0,0197
5158;0,0195
5159;0,0196
5160;0,0189
5161;0,019
5162;0,0184
5163;0,0184
5164;0,0181
5165;0,0181
5166;0,0173
5167;0,0173
5168;0,0169
5169;0,0168
5170;0,0162
5171;0,0162
5172;0,0158
5173;0,0155
5174;0,0157
5175;0,0157
5176;0,0152
5177;0,0152
5178;0,0155
5179;0,0151
5180;0,0146
5181;0,0143
5182;0,0148
5183;0,0146
5184;0,0141
5185;0,014
5186;0,0139
5187;0,014
5188;0,0141
5189;0,0136
5190;0,0136
5191;0,0136
5192;0,0132
5193;0,0131
5194;0,0129
5195;0,0128
5196;0,0132
5197;0,0132
5198;0,0127
5199;0,0127
5200;0,0131
5201;0,0128
5202;0,0127
5203;0,0124
5204;0,0125
5205;0,0125
5206;0,0128
5207;0,0129
5208;0,0125
5209;0,0128
5210;0,013
5211;0,0131
5212;0,0127
5213;0,013
5214;0,0129
5215;0,0134
5216;0,0136
5217;0,0136
5218;0,0138
5219;0,0134
5220;0,0135
5221;0,0136
5222;0,0136
5223;0,0139
5224;0,0136
5225;0,0138
5226;7,9158
